Symbol,Exchange
BTCUSDT,BINANCE
ETHUSDT,BINANCE
XRPUSDT,BINANCE
SOLUSDT,BINANCE
BNBUSDT,BINANCE
DOGEUSDT,BINANCE
ADAUSDT,BINANCE
TRXUSDT,BINANCE
LINKUSDT,BINANCE
AVAXUSDT,BINANCE
XLMUSDT,BINANCE
TONUSDT,BINANCE
HBARUSDT,BINANCE
SUIUSDT,BINANCE
SHIBUSDT,BINANCE
DOTUSDT,BINANCE
LEOUSDT,BINANCE
LTCUSDT,BINANCE
BGBUSDT,BINANCE
BCHUSDT,BINANCE
HYPEUSDT,BINANCE
UNIUSDT,BINANCE
USDeUSDT,BINANCE
TRUMPUSDT,BINANCE
DAIUSDT,BINANCE
PEPEUSDT,BINANCE
NEARUSDT,BINANCE
AAVEUSDT,BINANCE
ONDOUSDT,BINANCE
OMUSDT,BINANCE
APTUSDT,BINANCE
ICPUSDT,BINANCE
XMRUSDT,BINANCE
TAOUSDT,BINANCE
ETCUSDT,BINANCE
MNTUSDT,BINANCE
VETUSDT,BINANCE
CROUSDT,BINANCE
POLUSDT,BINANCE
OKBUSDT,BINANCE
KASUSDT,BINANCE
ALGOUSDT,BINANCE
RENDERUSDT
FILUSDT
ARBUSDT
FETUSDT
ATOMUSDT
GTUSDT
